model,scenario_full,scenario_bgc,n_regions,n_data_points,tau_years,phi,function,r_squared,bic,param_b,param_c,param_d
MIROC-ES2L,ssp585,ssp585-bgc,111,9435,0.010000000000000004,3.7200759760209944e-44,cubic: a + b*x + c*x² + d*x³,0.2579124390929911,-11910.248070262956,0.08026779445179902,0.0036412316458108228,-0.00019001666748386537
